,Loss,Test Accuracy,Precision,Recall,AUC
0,1.3916953802108765,0.8105942010879517,0.6243980526924133,0.6082877516746521,0.8537646532058716
