,Loss,Test Accuracy,Precision,Recall,AUC
0,1.7367268800735474,0.8661063313484192,0.7360890507698059,0.7240031361579895,0.882936418056488
