,Loss,Test Accuracy,Precision,Recall,AUC
0,1.3922841548919678,0.8627834320068359,0.7280632257461548,0.720093846321106,0.8856478929519653
