,Loss,Test Accuracy,Precision,Recall,AUC
0,2.63383150100708,0.8674746155738831,0.7353171706199646,0.7341673374176025,0.8671102523803711
