,Loss,Test Accuracy,Precision,Recall,AUC
0,0.9422507286071777,0.8043393492698669,0.6326335668563843,0.5183737277984619,0.8520492911338806
