,Loss,Test Accuracy,Precision,Recall,AUC
0,2.282742977142334,0.8481235504150391,0.6964006423950195,0.6958561539649963,0.8684386014938354
