,Loss,Test Accuracy,Precision,Recall,AUC
0,5.85602331161499,0.8006255030632019,0.6025336384773254,0.5949960947036743,0.8301635384559631
