,Loss,Test Accuracy,Top 3 Accuracy,Precision,Recall,AUC
0,1.1806312799453735,0.5144644379615784,0.9906176924705505,0.5663390755653381,0.3604378402233124,0.804627001285553
