,Loss,Test Accuracy,Top 3 Accuracy,Precision,Recall,AUC
0,1.1234636306762695,0.5003909468650818,0.9906176924705505,0.0,0.0,0.7805577516555786
