,Loss,Test Accuracy,Top 3 Accuracy,Precision,Recall,AUC
0,0.9750638008117676,0.5003909468650818,0.9906176924705505,0.5631579160690308,0.4182955324649811,0.8164380788803101
